{"inputUnits":[34],"outputUnits":1,"inputs":{"0":{"dtype":"number","min":49.53504332308639,"max":625.1689082639227},"1":{"dtype":"number","min":4.98128868726441,"max":238.69196257238724},"2":{"dtype":"number","min":96.28361920902238,"max":653.5251626337549},"3":{"dtype":"number","min":-3.736404240827156,"max":177.69884042702762},"4":{"dtype":"number","min":6.591215616070343,"max":590.8564010204508},"5":{"dtype":"number","min":-4.662462523939084,"max":177.79062115264776},"6":{"dtype":"number","min":152.9121220807621,"max":680.3944391035384},"7":{"dtype":"number","min":5.362009130099409,"max":188.08178497195706},"8":{"dtype":"number","min":-32.62774396963157,"max":549.0036456037589},"9":{"dtype":"number","min":2.5697380095604387,"max":189.09816816159258},"10":{"dtype":"number","min":186.56482028590102,"max":690.3973554915491},"11":{"dtype":"number","min":59.87999110834144,"max":370.20632257721303},"12":{"dtype":"number","min":-48.43014253252675,"max":605.75521328106},"13":{"dtype":"number","min":49.7460913750912,"max":321.5653475156554},"14":{"dtype":"number","min":122.8927971509644,"max":687.5350679033925},"15":{"dtype":"number","min":99.72402490994347,"max":580.1930848355423},"16":{"dtype":"number","min":-40.24510008815662,"max":520.777787086101},"17":{"dtype":"number","min":91.56579518596487,"max":536.3030055895854},"18":{"dtype":"number","min":65.63052641278576,"max":681.7421428517144},"19":{"dtype":"number","min":48.237054728348426,"max":568.1349389933426},"20":{"dtype":"number","min":-19.976592898832685,"max":522.4265467424801},"21":{"dtype":"number","min":44.325053292953555,"max":583.2101689795112},"22":{"dtype":"number","min":113.30409484150809,"max":665.9796712556238},"23":{"dtype":"number","min":179.429919766081,"max":571.0960655360834},"24":{"dtype":"number","min":8.952034679368312,"max":657.7227521963157},"25":{"dtype":"number","min":182.52822697858403,"max":559.1375463760317},"26":{"dtype":"number","min":145.56940338491003,"max":644.1175325742491},"27":{"dtype":"number","min":273.41008642768116,"max":582.2764332099647},"28":{"dtype":"number","min":45.12697271799763,"max":608.1534217211059},"29":{"dtype":"number","min":267.7384408438716,"max":575.1904534365881},"30":{"dtype":"number","min":142.66667466219297,"max":651.69053489596},"31":{"dtype":"number","min":338.0279398521097,"max":573.8510357452274},"32":{"dtype":"number","min":75.1350221745235,"max":652.8191319328338},"33":{"dtype":"number","min":362.744151015226,"max":571.9035654030886}},"outputs":{"0":{"dtype":"number","min":5,"max":100}},"isNormalized":true}