{"inputUnits":[34],"outputUnits":1,"inputs":{"0":{"dtype":"number","min":79.7376176958418,"max":453.05332881467353},"1":{"dtype":"number","min":32.47732021465376,"max":268.0392135441999},"2":{"dtype":"number","min":118.28351076474914,"max":481.0129288847808},"3":{"dtype":"number","min":25.487140106319913,"max":259.388028749696},"4":{"dtype":"number","min":51.44433759993616,"max":435.9744495733239},"5":{"dtype":"number","min":25.59706869756201,"max":259.53203371990514},"6":{"dtype":"number","min":161.52487298393993,"max":513.2716544778431},"7":{"dtype":"number","min":38.172468638141794,"max":271.6178971227505},"8":{"dtype":"number","min":12.818489520002432,"max":424.15244729602387},"9":{"dtype":"number","min":37.77310902042612,"max":271.3732215495425},"10":{"dtype":"number","min":208.25016481867095,"max":610.3428988326848},"11":{"dtype":"number","min":90.36360447508815,"max":341.257445339099},"12":{"dtype":"number","min":-35.69699773528696,"max":460.50995704264955},"13":{"dtype":"number","min":88.06078484086211,"max":369.7678087286448},"14":{"dtype":"number","min":206.5566814734314,"max":653.2171488364847},"15":{"dtype":"number","min":78.33076284089441,"max":572.3814362403484},"16":{"dtype":"number","min":-43.43494459812743,"max":468.45128278324114},"17":{"dtype":"number","min":87.13666032724345,"max":569.9788704363752},"18":{"dtype":"number","min":173.68681436382843,"max":628.2299911558396},"19":{"dtype":"number","min":63.19878604161602,"max":581.2212944772921},"20":{"dtype":"number","min":-15.51302067500608,"max":514.3943483820221},"21":{"dtype":"number","min":54.060686757128536,"max":577.4791981737901},"22":{"dtype":"number","min":132.3672865336971,"max":553.6374198230789},"23":{"dtype":"number","min":216.7818655763619,"max":592.3463956484071},"24":{"dtype":"number","min":7.508461800066877,"max":450.6051885107612},"25":{"dtype":"number","min":212.0459530604025,"max":583.5308814141537},"26":{"dtype":"number","min":157.21859200919184,"max":558.6038484090961},"27":{"dtype":"number","min":309.9387516956849,"max":579.6325042368373},"28":{"dtype":"number","min":33.439334023323504,"max":480.4542363385746},"29":{"dtype":"number","min":314.33613550802147,"max":584.9682925925645},"30":{"dtype":"number","min":148.20296231874696,"max":556.600073580612},"31":{"dtype":"number","min":402.8376315818223,"max":574.7251731783499},"32":{"dtype":"number","min":23.31528719297179,"max":503.4703782374757},"33":{"dtype":"number","min":398.9805352177601,"max":577.5436436990819}},"outputs":{"0":{"dtype":"number","min":5,"max":100}},"isNormalized":true}