{"inputUnits":[34],"outputUnits":1,"inputs":{"0":{"dtype":"number","min":176.81228578322592,"max":502.26415849381385},"1":{"dtype":"number","min":20.366826038880106,"max":223.21847047323382},"2":{"dtype":"number","min":207.22756055542467,"max":536.6066305553867},"3":{"dtype":"number","min":13.130260422999754,"max":214.60822079432148},"4":{"dtype":"number","min":145.71507554109922,"max":470.62759933768547},"5":{"dtype":"number","min":13.274960054033926,"max":212.8692531956773},"6":{"dtype":"number","min":257.99488112156496,"max":575.6666665875031},"7":{"dtype":"number","min":23.84052439886308,"max":226.62979304094722},"8":{"dtype":"number","min":116.29180017612323,"max":414.0340177187196},"9":{"dtype":"number","min":24.621210358022253,"max":221.32525373525658},"10":{"dtype":"number","min":335.4834340611321,"max":550.957202837161},"11":{"dtype":"number","min":77.86206048750228,"max":284.13297601247115},"12":{"dtype":"number","min":113.76676982478872,"max":363.03964191837537},"13":{"dtype":"number","min":75.84040897829524,"max":274.94118182111805},"14":{"dtype":"number","min":364.2024605005168,"max":536.7386279866853},"15":{"dtype":"number","min":87.2331344663865,"max":474.577097317588},"16":{"dtype":"number","min":45.56639259427438,"max":341.37621809072533},"17":{"dtype":"number","min":82.94857455598705,"max":449.62471809832505},"18":{"dtype":"number","min":377.0066103211637,"max":598.8406407693944},"19":{"dtype":"number","min":91.14601936785627,"max":583.4758239033621},"20":{"dtype":"number","min":51.328668854116,"max":324.2061315157998},"21":{"dtype":"number","min":88.723002630449,"max":562.574412423813},"22":{"dtype":"number","min":331.00643172802165,"max":450.13707736122933},"23":{"dtype":"number","min":208.82170799641295,"max":542.9364749893604},"24":{"dtype":"number","min":201.8008799868335,"max":372.3374161182211},"25":{"dtype":"number","min":207.2917994636506,"max":519.6622477431242},"26":{"dtype":"number","min":235.27378898650292,"max":493.2386714475164},"27":{"dtype":"number","min":295.0237953987567,"max":598.7693412572958},"28":{"dtype":"number","min":125.66505996169747,"max":373.51206857406675},"29":{"dtype":"number","min":292.7593352915248,"max":597.5569313138376},"30":{"dtype":"number","min":187.89024026477384,"max":488.6234897954919},"31":{"dtype":"number","min":351.81684857676464,"max":588.6704405550827},"32":{"dtype":"number","min":149.0646540422848,"max":423.3489800241671},"33":{"dtype":"number","min":341.5138666175219,"max":572.9632152750335}},"outputs":{"0":{"dtype":"number","min":0,"max":100}},"isNormalized":true}