{"inputUnits":[34],"outputUnits":1,"inputs":{"0":{"dtype":"number","min":-14.24396440676678,"max":666.2724452631019},"1":{"dtype":"number","min":-102.30106576407466,"max":235.75435118916437},"2":{"dtype":"number","min":-11.186382130426193,"max":663.0050101076118},"3":{"dtype":"number","min":-90.13609533643908,"max":227.54751005061405},"4":{"dtype":"number","min":2.4556424923907922,"max":667.3946656698383},"5":{"dtype":"number","min":-91.17808657397556,"max":223.9443364124818},"6":{"dtype":"number","min":6.238415788583718,"max":673.972348461819},"7":{"dtype":"number","min":-91.02291834493556,"max":232.94801882732702},"8":{"dtype":"number","min":5.911924607095088,"max":652.7359614390807},"9":{"dtype":"number","min":-85.42560740667558,"max":227.9446802992765},"10":{"dtype":"number","min":79.4692842691325,"max":689.3698654471668},"11":{"dtype":"number","min":-158.55230309156127,"max":276.7091849063621},"12":{"dtype":"number","min":-37.16025029638862,"max":646.4724482079888},"13":{"dtype":"number","min":-137.42263972063472,"max":273.43251031660384},"14":{"dtype":"number","min":124.39863746732125,"max":680.7326498662452},"15":{"dtype":"number","min":93.36451192774197,"max":454.15984751185556},"16":{"dtype":"number","min":15.613639623738448,"max":549.9863347747447},"17":{"dtype":"number","min":95.04337295947835,"max":478.05045636247564},"18":{"dtype":"number","min":149.52953709702547,"max":666.3088502401508},"19":{"dtype":"number","min":144.52430814156736,"max":598.014182005411},"20":{"dtype":"number","min":79.1113998917754,"max":533.1292309000335},"21":{"dtype":"number","min":151.43573033670506,"max":601.7188924945282},"22":{"dtype":"number","min":74.5004533700906,"max":628.2006254084844},"23":{"dtype":"number","min":164.09981456712063,"max":549.6579810710268},"24":{"dtype":"number","min":49.658096254103846,"max":644.3851099867766},"25":{"dtype":"number","min":156.22963990682757,"max":549.3669419344297},"26":{"dtype":"number","min":100.03671134028454,"max":597.1566664476803},"27":{"dtype":"number","min":311.1223563702654,"max":598.3915407648346},"28":{"dtype":"number","min":140.0092906432393,"max":603.6995230945632},"29":{"dtype":"number","min":304.86378948048394,"max":591.4596664488083},"30":{"dtype":"number","min":149.24387534768664,"max":563.1050198922361},"31":{"dtype":"number","min":389.3555364349009,"max":597.4208157906736},"32":{"dtype":"number","min":84.89164953565783,"max":607.35155573151},"33":{"dtype":"number","min":376.2459721546693,"max":598.0016044883877}},"outputs":{"0":{"dtype":"number","min":5,"max":100}},"isNormalized":true}