{"inputUnits":[34],"outputUnits":1,"inputs":{"0":{"dtype":"number","min":-27.787551583019212,"max":587.9445829280156},"1":{"dtype":"number","min":58.57718263618676,"max":269.8457104872173},"2":{"dtype":"number","min":-8.53438202973006,"max":637.9085303280605},"3":{"dtype":"number","min":52.60407800340468,"max":259.151895129727},"4":{"dtype":"number","min":-24.487435307484194,"max":540.0644122765685},"5":{"dtype":"number","min":52.52289768322896,"max":257.91133420476655},"6":{"dtype":"number","min":-5.4393141928349955,"max":683.5693976851289},"7":{"dtype":"number","min":56.94727916198019,"max":264.852977708156},"8":{"dtype":"number","min":-44.98539431085846,"max":497.19049713491},"9":{"dtype":"number","min":58.592581544868665,"max":266.8542124232429},"10":{"dtype":"number","min":-7.282261829895732,"max":683.7979779076484},"11":{"dtype":"number","min":113.09950832263041,"max":366.9260605392753},"12":{"dtype":"number","min":-55.271428327152236,"max":531.3248155645823},"13":{"dtype":"number","min":112.88246837571438,"max":359.6270009794124},"14":{"dtype":"number","min":7.570672536174611,"max":671.0123761247568},"15":{"dtype":"number","min":151.7759763962564,"max":575.0024200320707},"16":{"dtype":"number","min":-42.489916137220334,"max":515.2340039204995},"17":{"dtype":"number","min":148.5201705754499,"max":575.0219239706196},"18":{"dtype":"number","min":48.69490508439476,"max":650.3153748271067},"19":{"dtype":"number","min":146.2723253302073,"max":578.2866434178927},"20":{"dtype":"number","min":-2.596156791954189,"max":503.7402474369984},"21":{"dtype":"number","min":140.7170265286813,"max":581.0425683403757},"22":{"dtype":"number","min":-5.427356527009363,"max":633.5724061008557},"23":{"dtype":"number","min":232.9270281958673,"max":584.4237687522799},"24":{"dtype":"number","min":-9.59098964349769,"max":604.502671534913},"25":{"dtype":"number","min":228.9292854279396,"max":585.0731828147799},"26":{"dtype":"number","min":36.9633653098971,"max":635.9756711670396},"27":{"dtype":"number","min":327.62210296749606,"max":583.8026493532649},"28":{"dtype":"number","min":37.56814741438929,"max":591.7694050235971},"29":{"dtype":"number","min":322.37289488083655,"max":589.5277873829644},"30":{"dtype":"number","min":20.30321529403271,"max":645.4864270399516},"31":{"dtype":"number","min":400.29165453484086,"max":576.4241781865577},"32":{"dtype":"number","min":21.03270296920598,"max":597.349776256873},"33":{"dtype":"number","min":419.7376972599252,"max":579.4423524136673}},"outputs":{"0":{"dtype":"number","min":0,"max":100}},"isNormalized":true}