{"inputUnits":[34],"outputUnits":1,"inputs":{"0":{"dtype":"number","min":70.5578577657618,"max":608.6524351839889},"1":{"dtype":"number","min":21.562556997811285,"max":397.42395304520306},"2":{"dtype":"number","min":114.3472551279031,"max":648.8090331081287},"3":{"dtype":"number","min":15.870595256642147,"max":345.23841115751156},"4":{"dtype":"number","min":34.81808020447015,"max":570.7451086378284},"5":{"dtype":"number","min":12.861959850741727,"max":340.5280680971851},"6":{"dtype":"number","min":164.57326391791557,"max":680.5117738478842},"7":{"dtype":"number","min":21.833124420522253,"max":328.34041432184006},"8":{"dtype":"number","min":-18.846404673060555,"max":520.754450935334},"9":{"dtype":"number","min":24.52579364702396,"max":296.1205912192972},"10":{"dtype":"number","min":185.41411047315782,"max":686.6844800659654},"11":{"dtype":"number","min":80.93581544749932,"max":463.8424492624483},"12":{"dtype":"number","min":-42.14978169838278,"max":499.4482694989512},"13":{"dtype":"number","min":74.02909987631475,"max":416.91515970786725},"14":{"dtype":"number","min":151.731636848895,"max":684.2963192713399},"15":{"dtype":"number","min":120.32132412209123,"max":573.2724699621534},"16":{"dtype":"number","min":-39.67111550416464,"max":434.25750851167317},"17":{"dtype":"number","min":112.74387047912361,"max":573.7772010179809},"18":{"dtype":"number","min":146.25388891316572,"max":665.1965735765747},"19":{"dtype":"number","min":142.3952843335816,"max":583.1145052779973},"20":{"dtype":"number","min":-22.518407918135942,"max":393.8859127653248},"21":{"dtype":"number","min":139.34127273262706,"max":583.9911268657283},"22":{"dtype":"number","min":81.87636631472101,"max":629.0333937114315},"23":{"dtype":"number","min":207.8592809536114,"max":576.5677544857277},"24":{"dtype":"number","min":-6.367220748723249,"max":640.7467784955808},"25":{"dtype":"number","min":203.20596212542938,"max":575.6843216595482},"26":{"dtype":"number","min":86.5137359975377,"max":599.9159352046506},"27":{"dtype":"number","min":307.9613984697988,"max":587.7083816231457},"28":{"dtype":"number","min":4.357770927221395,"max":595.9616857743913},"29":{"dtype":"number","min":304.7880405767419,"max":592.9456302627979},"30":{"dtype":"number","min":78.2676233670127,"max":599.6198511680277},"31":{"dtype":"number","min":384.79704148110716,"max":579.0586740219176},"32":{"dtype":"number","min":23.876530391232976,"max":654.1589830450511},"33":{"dtype":"number","min":397.0887754863338,"max":577.5702023042315}},"outputs":{"0":{"dtype":"number","min":9,"max":100}},"isNormalized":true}